{"description":"Fresh Simulink vs C ROM validation. Ground truth = enginespeed.slx simulation output. C ROM predictions from compiled binary (validate_roms).","simulator":"enginespeed.slx (Simulink)","dt_s":0.05,"t_end_s":25,"n_steps_per_sim":501,"sa7":{"sa_deg":7,"models":{"narx_ridge":{"rmse_Nm":6.820480428824963,"r2":0.97697085811532258,"label":"NARX-Ridge (0.38 KB)"},"lstm_8":{"rmse_Nm":1.0960248718081151,"r2":0.99940531273195787,"label":"LSTM-8 (2.52 KB)"},"delta":{"rmse_Nm":0.96173059301249619,"r2":0.99954211682661487,"label":"Delta Composite (2.79 KB)"},"lstm_16_q16":{"rmse_Nm":1.0049871136477608,"r2":0.99950000137782513,"label":"LSTM-16 Q16 (4.05 KB)"},"qat_lstm32":{"rmse_Nm":0.9866228352050499,"r2":0.99951810752213466,"label":"QAT LSTM-32 (6.97 KB)"}}},"sa17":{"sa_deg":17,"models":{"narx_ridge":{"rmse_Nm":7.24331638980701,"r2":0.97702238773702088,"label":"NARX-Ridge (0.38 KB)"},"lstm_8":{"rmse_Nm":0.91449458677661466,"r2":0.99963373766197894,"label":"LSTM-8 (2.52 KB)"},"delta":{"rmse_Nm":0.99403285075120529,"r2":0.99956725559694737,"label":"Delta Composite (2.79 KB)"},"lstm_16_q16":{"rmse_Nm":0.83803232109896852,"r2":0.99969242465292929,"label":"LSTM-16 Q16 (4.05 KB)"},"qat_lstm32":{"rmse_Nm":0.82142164513058935,"r2":0.99970449674394357,"label":"QAT LSTM-32 (6.97 KB)"}}},"sa27":{"sa_deg":27,"models":{"narx_ridge":{"rmse_Nm":7.5962818870261284,"r2":0.975757199640763,"label":"NARX-Ridge (0.38 KB)"},"lstm_8":{"rmse_Nm":1.5015540152322466,"r2":0.9990527544809078,"label":"LSTM-8 (2.52 KB)"},"delta":{"rmse_Nm":1.1028636339256557,"r2":0.99948899603125629,"label":"Delta Composite (2.79 KB)"},"lstm_16_q16":{"rmse_Nm":1.138535503678731,"r2":0.999455404816121,"label":"LSTM-16 Q16 (4.05 KB)"},"qat_lstm32":{"rmse_Nm":1.0758276641684636,"r2":0.99951374278809735,"label":"QAT LSTM-32 (6.97 KB)"}}},"overall":{"narx_ridge":{"rmse_Nm":7.2269884025088542,"r2":0.97655692739760613,"label":"NARX-Ridge (0.38 KB)"},"lstm_8":{"rmse_Nm":1.1961375798134328,"r2":0.99935781214616171,"label":"LSTM-8 (2.52 KB)"},"delta":{"rmse_Nm":1.0213284220309089,"r2":0.99953180081578241,"label":"Delta Composite (2.79 KB)"},"lstm_16_q16":{"rmse_Nm":1.0014257108312403,"r2":0.99954987069107559,"label":"LSTM-16 Q16 (4.05 KB)"},"qat_lstm32":{"rmse_Nm":0.96705106742565006,"r2":0.99958024233603859,"label":"QAT LSTM-32 (6.97 KB)"}},"plots":["plots/simulink_c_rom_traces.png","plots/simulink_c_rom_metrics.png","plots/simulink_c_rom_scatter.png"]}