{
  "degree": 2,
  "coef": [
    0.0,
    51.09510062174392,
    6.372665559617597,
    5.438065905685296,
    -0.5794187916171917,
    0.9324272089745061,
    2.4049918673997523,
    -32.24140133555433,
    3.4999269507487027,
    -4.056383512236083
  ],
  "intercept": 25.99088902262135,
  "scaler_mean": [
    1.0,
    0.21610839953426458,
    591.0167529537598,
    17.5,
    0.06378269765695482,
    140.1998231267632,
    3.763424512641385,
    405663.2152502279,
    10722.069400561357,
    379.1666666666667
  ],
  "scaler_std": [
    1.0,
    0.13068992810348198,
    237.40769359526553,
    8.539125638299666,
    0.0625377012578026,
    129.63364384802222,
    3.191524170970634,
    300476.8088034333,
    7378.140201121496,
    305.30608502871394
  ],
  "poly_powers": [
    [
      0,
      0,
      0
    ],
    [
      1,
      0,
      0
    ],
    [
      0,
      1,
      0
    ],
    [
      0,
      0,
      1
    ],
    [
      2,
      0,
      0
    ],
    [
      1,
      1,
      0
    ],
    [
      1,
      0,
      1
    ],
    [
      0,
      2,
      0
    ],
    [
      0,
      1,
      1
    ],
    [
      0,
      0,
      2
    ]
  ],
  "n_features_in": 3,
  "n_poly_features": 10,
  "delta_mean": 5.36671320970767e-14,
  "delta_std": 0.8700892396928278
}