{"val_rmse": 14.845279995813755, "val_r2": 0.9164395653697882, "n_params": 750, "flash_kb": 10.521484375, "n_estimators": 50}