{"coef": [1.090574026107788, -0.8132435083389282, -0.2572275698184967, 0.011541793122887611, 0.20517663657665253, -0.1217334046959877, -0.08364742994308472, -0.014068965800106525, 0.6800991892814636, 0.22202566266059875, 0.00317661976441741], "intercept": -0.0006000448483973742, "val_rmse": 5.88212938272367, "val_r2": 0.9862908510094043, "n_params": 12, "flash_kb": 0.046875}