{
  "AirCharge": {
    "mean": 0.21671053233532936,
    "std": 0.12929910353137575
  },
  "Speed": {
    "mean": 580.2502171023951,
    "std": 235.62429395369787
  },
  "SparkAdvance": {
    "mean": 15.0,
    "std": 7.071773612916479
  },
  "Torque": {
    "mean": 25.94591247904192,
    "std": 46.998542663676716
  }
}